First Name,Last Name,Title,Company Name,Company URL,Industry,Company Location,Company Size,LinkedIn Url,Email,Hiring Signal,Reason This Is a Strong Lead
,,Managing Partner,Richey May,https://richeymay.com,Accounting / Advisory,"Denver, CO",200-500,https://www.linkedin.com/company/richey-may,info@richeymay.com,200% revenue growth in 2025,Fastest-growing firm in Accounting Today Top 100 — explosive growth = delivery bottleneck risk
Richard,Kopelman,CEO,Aprio,https://aprio.com,Accounting / Advisory,"Atlanta, GA",500-1000,https://www.linkedin.com/company/aprio,info@aprio.com,"26.9% growth, 2,876 employees","$615M revenue with 37 offices — scaling fast, needs AI systems to protect senior expertise"
Joseph,Damiano,CEO,Grassi Advisors & Accountants,https://grassicpas.com,Accounting / Advisory,"Parsippany, NJ",200-500,https://www.linkedin.com/company/grassi-advisors-accountants,info@grassicpas.com,27.78% growth,$138M revenue with 436 employees — mid-market sweet spot for WAI
Josh,Crisp,CEO,Prosperity Partners,https://prosperitypartners.com,Accounting / Advisory,"Atlanta, GA",50-200,https://www.linkedin.com/company/prosperity-partners-cpas,info@prosperitypartners.com,27.82% growth,$23M revenue growing fast — needs systems to scale without losing quality
Drew,Haddock,CEO,Smith Leonard,https://smithleonard.com,Accounting / Advisory,"Greensboro, NC",100-500,https://www.linkedin.com/company/smith-leonard,info@smithleonard.com,39.7% growth,$46M revenue with 200 employees — rapid growth straining delivery capacity
Chad,Anschuetz,CEO,Doeren Mayhew,https://doeren.com,Accounting / Advisory,"Troy, MI",500-1000,https://www.linkedin.com/company/doeren-mayhew,info@doeren.com,40.93% growth,"$240M revenue with 1,050 employees — needs AI to reduce delivery time at scale"
Lee,Cohen,CEO,Anchin,https://anchin.com,Accounting / Advisory,"New York, NY",100-500,https://www.linkedin.com/company/anchin-block-anchin,info@anchin.com,41.03% growth,$55M revenue growing 41% — NYC firm with capacity pressure
,,Managing Partner,Plante Moran,https://plantemoran.com,Accounting / Advisory,"Southfield, MI",1000+,https://www.linkedin.com/company/plante-moran,info@plantemoran.com,Fortune 100 Best Companies 27 yrs,"Top 15 US firm — large enough to invest in AI systems, culture-focused so talent protection matters"
,,Managing Partner,CohnReznick,https://cohnreznick.com,Accounting / Advisory,"New York, NY",1000+,https://www.linkedin.com/company/cohnreznick-llp,info@cohnreznick.com,"Top 10 firm, real estate specialty",Major mid-market firm — real estate and govt specialties need systematized expertise
,,Managing Partner,CBIZ,https://cbiz.com,Accounting / Advisory,"Cleveland, OH",1000+,https://www.linkedin.com/company/cbiz,info@cbiz.com,Tax + advisory + consulting blend,Dual headquarters model with MHM — complex operations need intelligence systems
,,Managing Partner,CliftonLarsonAllen (CLA),https://claconnect.com,Accounting / Advisory,"Minneapolis, MN",1000+,https://www.linkedin.com/company/cliftonlarsonallen,info@claconnect.com,"200,000+ clients across 130 countries",Top 10 firm with wealth advisory + outsourcing — huge client base to systematize
,,Managing Partner,Cherry Bekaert,https://cbh.com,Accounting / Advisory,"Richmond, VA",500-1000,https://www.linkedin.com/company/cherry-bekaert,info@cbh.com,Growth through acquisition,"Top 25 firm — expanding rapidly through M&A, needs systems to integrate teams"
,,Managing Partner,Marcum,https://marcumllp.com,Accounting / Advisory,"New York, NY",1000+,https://www.linkedin.com/company/marcum-llp,info@marcumllp.com,Top 20 national firm,"Merged with Friedman in 2022 — still integrating, needs intelligence systems"
,,Managing Partner,Wipfli,https://wipfli.com,Accounting / Advisory,"Milwaukee, WI",1000+,https://www.linkedin.com/company/wipfli,info@wipfli.com,"Top 20 firm, tech-forward",Known for innovation — strong AI adoption signal
,,Managing Partner,Sikich,https://sikich.com,Accounting / Advisory,"Chicago, IL",500-1000,https://www.linkedin.com/company/sikich,info@sikich.com,Technology + accounting blend,Tech-forward firm already investing in AI — warm to WAI's intelligence systems
,,CEO,Armanino,https://armaninollp.com,Accounting / Advisory,"San Ramon, CA",500-1000,https://www.linkedin.com/company/armanino,info@armaninollp.com,"Innovation lab, tech consulting","Most innovative accounting firm — already has tech consulting arm, prime WAI prospect"
,,Managing Partner,Withum,https://withum.com,Accounting / Advisory,"Princeton, NJ",500-1000,https://www.linkedin.com/company/withum,info@withum.com,Forbes Top RIA + accounting,Dual accounting + wealth management — needs intelligence systems across both lines
Sean,McFerson,CEO,Windes,https://windes.com,Accounting / Advisory,"Long Beach, CA",100-500,https://www.linkedin.com/company/windes,info@windes.com,Best Firms to Work For 2025,"225 staff — mid-market firm with culture focus, talent protection aligns with WAI"
Timothy,Petrey,CEO,HD Growth Partners,https://hdgrowthpartners.com,Accounting / Advisory,"Youngstown, OH",50-200,https://www.linkedin.com/company/hd-growth-partners,info@hdgrowthpartners.com,Best Firms to Work For 2025,58 staff — small enough for founder to feel delivery pressure personally
,,Managing Partner,Kaufman Rossin,https://kaufmanrossin.com,Accounting / Advisory,"Miami, FL",200-500,https://www.linkedin.com/company/kaufman-rossin,info@kaufmanrossin.com,Top regional firm in Southeast,Major South Florida firm — real estate and LatAm specialties need systematized knowledge
,,Managing Partner,Mazars USA,https://mazars.us,Accounting / Advisory,"New York, NY",500-1000,https://www.linkedin.com/company/mazars-usa,info@mazars.us,"Global network, US operations",International firm with complex cross-border operations — needs intelligence systems
,,Managing Partner,Citrin Cooperman,https://citrincooperman.com,Accounting / Advisory,"New York, NY",500-1000,https://www.linkedin.com/company/citrin-cooperman,info@citrincooperman.com,Top 25 firm,Growing through M&A — integration requires systematized expertise transfer
,,Managing Partner,UHY Advisors,https://uhy-us.com,Accounting / Advisory,"Farmington Hills, MI",200-500,https://www.linkedin.com/company/uhy-advisors,info@uhy-us.com,Global network member,Mid-market firm with international network — delivery complexity
,,Managing Partner,Carr Riggs & Ingram,https://cricpa.com,Accounting / Advisory,"Enterprise, AL",500-1000,https://www.linkedin.com/company/carr-riggs-ingram,info@cricpa.com,Southeast regional leader,100+ offices — regional scale needs intelligence systems for consistency
,,Managing Partner,Moss Adams,https://mossadams.com,Accounting / Advisory,"Seattle, WA",1000+,https://www.linkedin.com/company/moss-adams,info@mossadams.com,Merged with Baker Tilly 2025,Just completed massive merger — urgent need to systematize combined expertise
,,Managing Partner,Baker Tilly,https://bakertilly.com,Accounting / Advisory,"Chicago, IL",1000+,https://www.linkedin.com/company/baker-tilly,info@bakertilly.com,Nearly doubled via Moss Adams merger,Post-merger integration = exact use case for WAI intelligence systems
,,Managing Partner,Crowe,https://crowe.com,Accounting / Advisory,"Chicago, IL",1000+,https://www.linkedin.com/company/crowe,info@crowe.com,"Top 10 firm, banking specialty",Major firm with financial services focus — senior expertise at risk of retirement
,,Managing Partner,Forvis Mazars,https://forvismazars.us,Accounting / Advisory,"Springfield, MO",1000+,https://www.linkedin.com/company/forvis-mazars,info@forvismazars.us,FORVIS + Mazars merger 2024,Fresh merger = need to unify knowledge and protect senior expertise across combined firm
,,Managing Partner,KSM (Katz Sapper & Miller),https://ksmcpa.com,Accounting / Advisory,"Indianapolis, IN",200-500,https://www.linkedin.com/company/katz-sapper-miller,info@ksmcpa.com,Regional leader in Midwest,Strong regional firm — senior partner knowledge needs protection
,,Managing Partner,Eide Bailly,https://eidebailly.com,Accounting / Advisory,"Fargo, ND",1000+,https://www.linkedin.com/company/eide-bailly,info@eidebailly.com,Top 25 national firm,46 offices — scale requires systematized delivery across locations
,,Managing Partner,Herbein + Company,https://herbein.com,Accounting / Advisory,"Reading, PA",50-200,https://www.linkedin.com/company/herbein-company,info@herbein.com,"Regional firm, growing",Mid-market firm where managing partner likely feels delivery pressure directly
,,Managing Partner,Whitley Penn,https://whitleypenn.com,Accounting / Advisory,"Dallas, TX",200-500,https://www.linkedin.com/company/whitley-penn,info@whitleypenn.com,Texas regional leader,Texas-based growth firm — strong economy driving demand beyond capacity
,,Managing Partner,Rehmann,https://rehmann.com,Accounting / Advisory,"Troy, MI",200-500,https://www.linkedin.com/company/rehmann,info@rehmann.com,Michigan regional leader,Financial advisory + accounting — needs intelligence systems across service lines
,,Managing Partner,Schneider Downs,https://schneiderdowns.com,Accounting / Advisory,"Pittsburgh, PA",200-500,https://www.linkedin.com/company/schneider-downs,info@schneiderdowns.com,Top regional firm,Senior-heavy firm — knowledge transfer is critical WAI use case
,,Managing Partner,Novogradac,https://novoco.com,Accounting / Advisory,"San Francisco, CA",200-500,https://www.linkedin.com/company/novogradac,info@novoco.com,Tax credit specialty,Niche expertise in tax credits — perfect case for protecting specialized knowledge
,,Managing Partner,Anders CPAs,https://anderscpa.com,Accounting / Advisory,"St. Louis, MO",100-500,https://www.linkedin.com/company/anders-cpas-advisors,info@anderscpa.com,Growing regional firm,Mid-market firm scaling — delivery bottleneck risk
,,Managing Partner,Berdon LLP,https://berdonllp.com,Accounting / Advisory,"New York, NY",200-500,https://www.linkedin.com/company/berdon-llp,info@berdonllp.com,NYC real estate specialty,Real estate-focused NYC firm — complex deal knowledge needs systematizing
,,Managing Partner,Eisner Advisory Group,https://eisneramper.com,Accounting / Advisory,"New York, NY",1000+,https://www.linkedin.com/company/eisneramper,info@eisneramper.com,PE and financial services focus,Private equity specialty — high-value expertise that must be protected and scaled
,,Managing Partner,BKD (now Forvis Mazars),https://forvismazars.us,Accounting / Advisory,"Springfield, MO",1000+,https://www.linkedin.com/company/forvis-mazars,info@forvismazars.us,Post-merger integration,Integration of BKD + FORVIS = need to unify delivery systems and protect expertise
,,Managing Partner,Friedman (now Marcum),https://marcumllp.com,Accounting / Advisory,"New York, NY",1000+,https://www.linkedin.com/company/marcum-llp,info@marcumllp.com,Post-merger integration,Merged into Marcum — combined firm needs intelligence systems for consistency
,,CEO,Moneta Group,https://monetagroup.com,Wealth Management,"St. Louis, MO",200-500,https://www.linkedin.com/company/moneta-group,info@monetagroup.com,Largest fee-only RIA by AUM ($42.8B),"#1 RIA in America — massive AUM, needs AI to reduce delivery time across advisory teams"
,,CEO,EP Wealth Advisors,https://epwealth.com,Wealth Management,"Torrance, CA",200-500,https://www.linkedin.com/company/ep-wealth-advisors,info@epwealth.com,"Top 3 RIA, $35.6B AUM",Rapid M&A growth — needs intelligence systems to integrate acquired teams and expertise
,,CEO,Savant Wealth Management,https://savantwealth.com,Wealth Management,"Rockford, IL",500-1000,https://www.linkedin.com/company/savant-wealth-management,info@savantwealth.com,"565 employees, 57K client accounts",Large RIA with massive client base — needs AI to scale advisor capacity without hiring
,,CEO,HB Wealth (fka Homrich Berg),https://hbwealth.com,Wealth Management,"Atlanta, GA",100-500,https://www.linkedin.com/company/hb-wealth,info@hbwealth.com,"$18.6B AUM, 215 employees",Just rebranded — growth phase needs systematized delivery and protected expertise
,,CEO,Clearstead,https://clearstead.com,Wealth Management,"Cleveland, OH",100-500,https://www.linkedin.com/company/clearstead,info@clearstead.com,"$24.3B AUM, 223 employees",Multi-entity structure — needs intelligence systems to unify service delivery
Greg,Fleming,CEO,Rockefeller Capital Management,https://rockefellerfinancial.com,Wealth Management,"New York, NY",500-1000,https://www.linkedin.com/company/rockefeller-capital-management,info@rockefellerfinancial.com,AdvisorHub #1 Large RIA to Watch,"Fastest-growing large RIA — acquiring teams rapidly, needs AI to onboard and systematize"
Rob,Sechan,CEO,NewEdge Wealth,https://newedgewealth.com,Wealth Management,"New York, NY",100-500,https://www.linkedin.com/company/newedge-wealth,info@newedgewealth.com,AdvisorHub Top RIA to Watch,Investment banking + wealth management — complex expertise to systematize
,,CEO,Wealth Enhancement Group,https://wealthenhancement.com,Wealth Management,"Plymouth, MN",1000+,https://www.linkedin.com/company/wealth-enhancement-group,info@wealthenhancement.com,"AdvisorHub #6 RIA to Watch, 4,671 employees",Massive RIA scaling through acquisitions — urgent need for intelligence systems
,,CEO,Edelman Financial Engines,https://edelmanfinancialengines.com,Wealth Management,"Santa Clara, CA",1000+,https://www.linkedin.com/company/edelman-financial-engines,info@edelmanfinancialengines.com,Largest RIA by advisor count,Hundreds of advisors — AI can reduce delivery time and protect institutional knowledge
,,CEO,Creative Planning,https://creativeplanning.com,Wealth Management,"Overland Park, KS",1000+,https://www.linkedin.com/company/creative-planning,info@creativeplanning.com,"Peter Mallouk, aggressive M&A",Top 5 RIA — serial acquirer needs systems to integrate teams and maintain quality
Michael,Gilfeather,CEO,OBTC Financial,https://obtcfinancial.com,Wealth Management,"Middletown, NY",10-50,https://www.linkedin.com/company/obtc-financial,info@obtcfinancial.com,Best RIA to Work For 2025,26 employees — small enough where founder feels capacity pressure directly
Jarrett,Cohen,CEO,Louisiana Financial Advisors,https://louisianafinancialadvisors.com,Wealth Management,"New Orleans, LA",10-50,https://www.linkedin.com/company/louisiana-financial-advisors,info@louisianafinancialadvisors.com,Best RIA to Work For 2025,15 employees — lean team with delivery bottleneck risk at growth stage
Sean,Sebold,CEO,Sebold Capital Management,https://seboldcapital.com,Wealth Management,"Lisle, IL",10-50,https://www.linkedin.com/company/sebold-capital-management,info@seboldcapital.com,Best RIA to Work For 2025,10 employees — micro firm where AI intelligence systems create immediate ROI
Thomas,Carroll,CEO,HB Wealth,https://hbwealth.com,Wealth Management,"Atlanta, GA",200-500,https://www.linkedin.com/company/hb-wealth,info@hbwealth.com,"319 employees, culture-focused",Large team with collaboration culture — AI preserves institutional knowledge
,,CEO,Mariner Wealth Advisors,https://marinerwealthadvisors.com,Wealth Management,"Leawood, KS",1000+,https://www.linkedin.com/company/mariner-wealth-advisors,info@marinerwealthadvisors.com,Major national RIA,One of largest independent RIAs — scale requires systematized expertise
,,CEO,Mercer Advisors,https://merceradvisors.com,Wealth Management,"Denver, CO",1000+,https://www.linkedin.com/company/mercer-advisors,info@merceradvisors.com,Aggressive acquirer,Serial acquirer of RIAs — each acquisition needs knowledge integration
,,CEO,Cerity Partners,https://ceritypartners.com,Wealth Management,"New York, NY",500-1000,https://www.linkedin.com/company/cerity-partners,info@ceritypartners.com,Fast-growing multi-family office,Growing through lift-outs — each new team brings expertise that needs systematizing
,,CEO,Pathstone,https://pathstone.com,Wealth Management,"Englewood, NJ",200-500,https://www.linkedin.com/company/pathstone,info@pathstone.com,Ultra-HNW focus,Ultra-high-net-worth focus — complex planning knowledge must be protected
,,CEO,Beacon Pointe Advisors,https://beaconpointe.com,Wealth Management,"Newport Beach, CA",200-500,https://www.linkedin.com/company/beacon-pointe-advisors,info@beaconpointe.com,Growing women-led RIA,Women-led firm with differentiated culture — AI can amplify advisor capacity
,,CEO,Allworth Financial,https://allworthfinancial.com,Wealth Management,"Sacramento, CA",500-1000,https://www.linkedin.com/company/allworth-financial,info@allworthfinancial.com,Rapid national expansion,National expansion through acquisition — needs systems to maintain consistency
,,CEO,Crestwood Advisors,https://crestwoodadvisors.com,Wealth Management,"Boston, MA",50-200,https://www.linkedin.com/company/crestwood-advisors,info@crestwoodadvisors.com,"$7B AUM, boutique model",Boutique firm where senior partner time is the bottleneck — AI frees capacity
,,CEO,Sequoia Financial Group,https://sequoia-financial.com,Wealth Management,"Akron, OH",200-500,https://www.linkedin.com/company/sequoia-financial-group,info@sequoia-financial.com,Growing Midwest RIA,Regional leader scaling nationally — delivery consistency challenge
,,CEO,Buckingham Strategic Wealth,https://buckinghamstrategicwealth.com,Wealth Management,"St. Louis, MO",200-500,https://www.linkedin.com/company/buckingham-strategic-wealth,info@buckinghamstrategicwealth.com,Evidence-based investing,Evidence-based approach — systematizing research-driven advice is core WAI value prop
,,CEO,Perigon Wealth,https://perigonwealth.com,Wealth Management,"San Francisco, CA",50-200,https://www.linkedin.com/company/perigon-wealth,info@perigonwealth.com,High-growth West Coast RIA,Fast growth + boutique model = capacity strain on senior advisors
,,CEO,SignatureFD,https://signaturefd.com,Wealth Management,"Atlanta, GA",50-200,https://www.linkedin.com/company/signaturefd,info@signaturefd.com,Purpose-driven wealth,Purpose-driven model — AI helps advisors focus on client relationships vs. admin
,,CEO,Withum Wealth Management,https://withumwealth.com,Wealth Management,"Princeton, NJ",50-200,https://www.linkedin.com/company/withum-wealth,info@withumwealth.com,Forbes Top RIA 2025,Forbes-recognized — accounting parent firm creates cross-sell for WAI
,,CEO,Brightworth,https://brightworth.com,Wealth Management,"Atlanta, GA",50-200,https://www.linkedin.com/company/brightworth,info@brightworth.com,Top RIA in Southeast,SE leader with deep planning expertise — knowledge protection is critical
,,CEO,Fort Washington Investment Advisors,https://fortwashington.com,Wealth Management,"Cincinnati, OH",100-500,https://www.linkedin.com/company/fort-washington-investment-advisors,info@fortwashington.com,Institutional + private wealth,Dual institutional/private model — complex expertise to systematize
,,CEO,Aspiriant,https://aspiriant.com,Wealth Management,"Los Angeles, CA",100-500,https://www.linkedin.com/company/aspiriant,info@aspiriant.com,Top independent RIA,West Coast leader — sophisticated planning needs AI to scale
,,CEO,Plancorp,https://plancorp.com,Wealth Management,"St. Louis, MO",50-200,https://www.linkedin.com/company/plancorp,info@plancorp.com,"Evidence-based, tech-forward",Already tech-forward — warm to WAI's intelligence system approach
,,CEO,RegentAtlantic,https://regentatlantic.com,Wealth Management,"Morristown, NJ",50-200,https://www.linkedin.com/company/regentatlantic,info@regentatlantic.com,Top NE RIA,Established NE firm with senior talent approaching retirement — knowledge transfer urgent
,,CEO,Parallel Advisors,https://paralleladvisors.com,Wealth Management,"San Francisco, CA",50-200,https://www.linkedin.com/company/parallel-advisors,info@paralleladvisors.com,Growing West Coast RIA,Growth-stage firm — needs systems before senior expertise walks out the door
,,CEO,Mission Wealth,https://missionwealth.com,Wealth Management,"Santa Barbara, CA",100-500,https://www.linkedin.com/company/mission-wealth,info@missionwealth.com,B Corp certified RIA,Values-aligned firm — AI that protects talent knowledge resonates with mission
,,CEO,Fiduciary Trust International,https://fiduciarytrust.com,Wealth Management,"New York, NY",200-500,https://www.linkedin.com/company/fiduciary-trust-international,info@fiduciarytrust.com,Multi-generational wealth,Managing generational wealth transfers — institutional knowledge must be preserved
,,CEO,Silvercrest Asset Management,https://silvercrestgroup.com,Wealth Management,"New York, NY",100-500,https://www.linkedin.com/company/silvercrest-asset-management,info@silvercrestgroup.com,"UHNW focus, public company",Public UHNW firm — investor pressure to demonstrate operational efficiency
,,Managing Partner,Foley & Lardner,https://foley.com,Law Firm,"Milwaukee, WI",1000+,https://www.linkedin.com/company/foley-&-lardner-llp,info@foley.com,Am Law 50 firm,"Major firm with 1,100+ lawyers — senior partner knowledge is the firm's most valuable asset"
,,Managing Partner,Seyfarth Shaw,https://seyfarth.com,Law Firm,"Chicago, IL",1000+,https://www.linkedin.com/company/seyfarth-shaw,info@seyfarth.com,"Innovation leader, SeyfarthLean","Known for process innovation (SeyfarthLean) — already thinking about efficiency, warm to WAI"
,,Managing Partner,Littler Mendelson,https://littler.com,Law Firm,"San Francisco, CA",1000+,https://www.linkedin.com/company/littler-mendelson,info@littler.com,Largest employment law firm,"1,700+ attorneys — specialized employment law expertise needs systematizing"
,,Managing Partner,Jackson Lewis,https://jacksonlewis.com,Law Firm,"Reston, VA",500-1000,https://www.linkedin.com/company/jackson-lewis,info@jacksonlewis.com,"Employment law, 60+ offices",Large employment firm with geographic spread — consistency requires intelligence systems
,,Managing Partner,Ogletree Deakins,https://ogletree.com,Law Firm,"Greenville, SC",500-1000,https://www.linkedin.com/company/ogletree-deakins,info@ogletree.com,Labor & employment focus,950+ attorneys specializing in employment law — niche expertise to protect
,,Managing Partner,Fisher Phillips,https://fisherphillips.com,Law Firm,"Atlanta, GA",200-500,https://www.linkedin.com/company/fisher-phillips,info@fisherphillips.com,Labor & employment boutique,600+ attorneys — boutique positioning means senior expertise IS the product
,,Managing Partner,Husch Blackwell,https://huschblackwell.com,Law Firm,"Kansas City, MO",500-1000,https://www.linkedin.com/company/husch-blackwell,info@huschblackwell.com,Industry-focused model,Industry team model (not practice group) — unique structure benefits from AI systematization
,,Managing Partner,Polsinelli,https://polsinelli.com,Law Firm,"Kansas City, MO",500-1000,https://www.linkedin.com/company/polsinelli,info@polsinelli.com,"Am Law 100, healthcare focus",Healthcare law specialty — regulatory expertise needs protection and scaling
,,Managing Partner,Ice Miller,https://icemiller.com,Law Firm,"Indianapolis, IN",200-500,https://www.linkedin.com/company/ice-miller,info@icemiller.com,Midwest regional leader,300+ attorneys — regional firm where senior partner time is scarce
,,Managing Partner,Quarles & Brady,https://quarles.com,Law Firm,"Milwaukee, WI",200-500,https://www.linkedin.com/company/quarles-brady,info@quarles.com,IP and data privacy focus,Specialized IP knowledge — exactly what needs systematizing with WAI
,,Managing Partner,Buchanan Ingersoll & Rooney,https://bipc.com,Law Firm,"Pittsburgh, PA",200-500,https://www.linkedin.com/company/buchanan-ingersoll-rooney,info@bipc.com,Mid-Atlantic leader,450+ attorneys across multiple offices — delivery consistency challenge
,,Managing Partner,Barnes & Thornburg,https://btlaw.com,Law Firm,"Indianapolis, IN",500-1000,https://www.linkedin.com/company/barnes-thornburg,info@btlaw.com,Am Law 100 firm,"800+ attorneys — large enough to invest, small enough to feel delivery pain"
,,Managing Partner,Stoel Rives,https://stoel.com,Law Firm,"Portland, OR",200-500,https://www.linkedin.com/company/stoel-rives,info@stoel.com,Pacific NW leader,350+ attorneys with energy and environmental expertise — niche knowledge to protect
,,Managing Partner,Sheppard Mullin,https://sheppardmullin.com,Law Firm,"Los Angeles, CA",500-1000,https://www.linkedin.com/company/sheppard-mullin,info@sheppardmullin.com,Am Law 100 firm,"1,000+ attorneys — entertainment and tech law expertise needs systematizing"
,,Managing Partner,Blank Rome,https://blankrome.com,Law Firm,"Philadelphia, PA",200-500,https://www.linkedin.com/company/blank-rome-llp,info@blankrome.com,Maritime and govt contracts focus,Specialized maritime law — high-value niche expertise that WAI protects
,,Managing Partner,Troutman Pepper,https://troutman.com,Law Firm,"Atlanta, GA",500-1000,https://www.linkedin.com/company/troutman-pepper,info@troutman.com,"Am Law 50, insurance focus","1,200+ attorneys with insurance defense specialty — massive knowledge base to systematize"
,,Managing Partner,Dentons US,https://dentons.com,Law Firm,"Washington, DC",1000+,https://www.linkedin.com/company/dentons,info@dentons.com,World's largest law firm,"12,000+ lawyers globally — any efficiency gain multiplies across massive scale"
,,Managing Partner,Thompson Hine,https://thompsonhine.com,Law Firm,"Cleveland, OH",200-500,https://www.linkedin.com/company/thompson-hine,info@thompsonhine.com,Innovation focused,"Known for SmartPATH fixed-fee model — already innovating on delivery, warm to WAI"
,,Managing Partner,Womble Bond Dickinson,https://womblebonddickinson.com,Law Firm,"Winston-Salem, NC",500-1000,https://www.linkedin.com/company/womble-bond-dickinson,info@womblebonddickinson.com,Transatlantic firm (US+UK),Cross-border firm — needs intelligence systems that work across jurisdictions
,,Managing Partner,Dykema,https://dykema.com,Law Firm,"Detroit, MI",200-500,https://www.linkedin.com/company/dykema-gossett,info@dykema.com,Midwest/Texas presence,450+ attorneys — growing into new markets needs systematized delivery
,,Managing Partner,Lathrop GPM,https://lathropgpm.com,Law Firm,"Kansas City, MO",200-500,https://www.linkedin.com/company/lathrop-gpm,info@lathropgpm.com,Food and agribusiness focus,Niche agricultural law — specialized expertise WAI can protect and scale
,,Managing Partner,Miller & Martin,https://millermartin.com,Law Firm,"Chattanooga, TN",100-500,https://www.linkedin.com/company/miller-martin,info@millermartin.com,Southeast regional firm,Regional firm with deep manufacturing expertise — knowledge transfer critical
,,Managing Partner,Taft Stettinius & Hollister,https://taftlaw.com,Law Firm,"Cincinnati, OH",200-500,https://www.linkedin.com/company/taft-stettinius-hollister,info@taftlaw.com,Growing Midwest firm,Aggressive growth through acquisition — needs intelligence systems for integration
,,Managing Partner,Haynes Boone,https://haynesboone.com,Law Firm,"Dallas, TX",200-500,https://www.linkedin.com/company/haynes-and-boone,info@haynesboone.com,"Texas leader, energy focus",Energy law expertise in the heart of Texas oil country — high-value knowledge to protect
,,Managing Partner,Kilpatrick Townsend,https://kilpatricktownsend.com,Law Firm,"Atlanta, GA",500-1000,https://www.linkedin.com/company/kilpatrick-townsend,info@kilpatricktownsend.com,IP and tech litigation,700+ attorneys with deep IP expertise — exactly the senior knowledge WAI protects
